FLAG,coeffx_0,coeffx_1,coeffx_2,coeffx_3,coeffy_0,coeffy_1,coeffy_2,coeffy_3,tf,start_phi,segment_no
0,0.0,-1.0421293457814802e-14,26.66666666666667,-1.1851851851851853,0.0,0.0,-0.0,0.0,15,0.0,0
2, 1, 1
1, 45, 3
0,2000.0,-5.210646728907401e-15,13.333333333333336,-0.5925925925925927,0.0,-5.210646728907401e-15,13.333333333333336,-0.5925925925925927,15,45.0,1
1, -45, 3
0,3000.0,-5.210646728907401e-15,13.333333333333336,-0.5925925925925927,1000.0,5.210646728907401e-15,-13.333333333333336,0.5925925925925927,15,-45.0,2
1, -90, 3
2, 1, 2
