Flag, coeffx_0,coeffx_1,coeffx_2,coeffx_3,coeffy_0,coeffy_1,coeffy_2,coeffy_3,tf
0, 0.0,-7.105427357601002e-14,66.66666666666667,-2.962962962962963,0.0,0.0,-0.0,0.0,15
