FLAG,coeffx_0,coeffx_1,coeffx_2,coeffx_3,coeffy_0,coeffy_1,coeffy_2,coeffy_3,tf,start_phi,segment_no
0,0.0,-5.210646728907401e-15,13.333333333333336,-0.5925925925925927,0.0,0.0,-0.0,0.0,15,0.0,0
1, 90, 5
0,1000.0,0.0,-0.0,0.0,0.0,-5.210646728907401e-15,13.333333333333336,-0.5925925925925927,15,90.0,1
1, 180, 5
0,1000.0,5.210646728907401e-15,-13.333333333333336,0.5925925925925927,1000.0,0.0,-0.0,0.0,15,180.0,2
1, -90, 5
0,0.0,0.0,-0.0,0.0,1000.0,5.210646728907401e-15,-13.333333333333336,0.5925925925925927,15,-90.0,3
1, 0, 5
