FLAG,coeffx_0,coeffx_1,coeffx_2,coeffx_3,coeffy_0,coeffy_1,coeffy_2,coeffy_3,tf,start_phi,segment_no
0,0.0,0.0,31.25,-0.8680555555555556,0.0,0.0,-0.0,0.0,24,0.0,0
1, 180, 3
0,6000.0,0.0,-31.25,0.8680555555555556,0.0,0.0,-0.0,0.0,24,180.0,1
