Flag, coeffx_0,coeffx_1,coeffx_2,coeffx_3,coeffy_0,coeffy_1,coeffy_2,coeffy_3,tf
0, 0.0,-3.552713678800501e-14,16.666666666666668,-0.37037037037037035,0.0,-3.552713678800501e-14,16.666666666666668,-0.37037037037037035,30
1, 90, 5